Activity ID,Activity Date,Activity Name,Activity Type,Activity Description,Elapsed Time...6,Distance...7,Max Heart Rate...8,Relative Effort...9,Commute...10,Activity Private Note,Activity Gear,Filename,Athlete Weight,Bike Weight,Elapsed Time...16,Moving Time,Distance...18,Max Speed,Average Speed,Elevation Gain,Elevation Loss,Elevation Low,Elevation High,Max Grade,Average Grade,Average Positive Grade,Average Negative Grade,Max Cadence,Average Cadence,Max Heart Rate...31,Average Heart Rate,Max Watts,Average Watts,Calories,Max Temperature,Average Temperature,Relative Effort...38,Total Work,Number of Runs,Uphill Time,Downhill Time,Other Time,Perceived Exertion,Type,Start Time,Weighted Average Power,Power Count,Prefer Perceived Exertion,Perceived Relative Effort,Commute...51,Total Weight Lifted,From Upload,Grade Adjusted Distance,Weather Observation Time,Weather Condition,Weather Temperature,Apparent Temperature,Dewpoint,Humidity,Weather Pressure,Wind Speed,Wind Gust,Wind Bearing,Precipitation Intensity,Sunrise Time,Sunset Time,Moon Phase,Bike,Gear,Precipitation Probability,Precipitation Type,Cloud Cover,Weather Visibility,UV Index,Weather Ozone,Jump Count,Total Grit,Average Flow,Flagged,Average Elapsed Speed,Dirt Distance,Newly Explored Distance,Newly Explored Dirt Distance,Activity Count,Total Steps,Carbon Saved,Pool Length,Training Load,Intensity,Average Grade Adjusted Pace,Timer Time,Total Cycles,Recovery,With Pet,Competition,Long Run,For a Cause,Media
14188892899,"Apr 15, 2025, 10:25:18 PM",Afternoon E-Bike Ride,E-Bike Ride,NA,685,4.38,NA,NA,FALSE,NA,Ernie,activities/14188892899.gpx,NA,44.452,685,619,4380.3,14.26,7.076,14.4,14.4,9.6,112.7,3.1,-2.3,NA,NA,NA,NA,NA,NA,NA,159,109,NA,NA,NA,NA,NA,NA,NA,NA,NA,NA,NA,NA,NA,NA,NA,0,NA,1,NA,1744754432,3,17.5,15.9,7.5,0.52,1018.6,3.1,5.3,15,0,1744723328,1744772480,0.625,10575585,NA,0,1,0.75,27675,4,NA,NA,NA,NA,0,6.395,0,NA,NA,NA,NA,NA,NA,NA,NA,NA,NA,626,NA,NA,NA,NA,NA,NA
14285667501,"Apr 25, 2025, 9:48:48 PM",Can we please get bike parking here?,E-Bike Ride,NA,1384,7.88,NA,NA,FALSE,NA,Brute,activities/14285667501.gpx,NA,20.412,1384,1259,7887,13.78,6.264,50,50,12.8,113.9,10.5,-1.2,NA,NA,NA,NA,NA,NA,NA,87,122,NA,NA,NA,NA,NA,NA,NA,NA,NA,NA,NA,NA,NA,NA,NA,0,NA,1,NA,1745614848,3,20.6,17.9,6.6,0.4,1010.8,3.9,6.8,9,0,1745586176,1745637376,0.875,15882202,NA,0,1,0.99,43314,5,NA,NA,NA,NA,0,5.699,0,NA,NA,NA,NA,NA,NA,NA,NA,NA,NA,1410,NA,NA,NA,NA,NA,NA
16245746390,"Oct 24, 2025, 10:25:29 PM",Afternoon E-Bike Ride,E-Bike Ride,NA,1275,6.22,NA,NA,FALSE,NA,Brute,activities/16245746390.gpx,NA,20.412,1275,1011,6224.9,13.38,6.157,125.8,78.1,4.9,113.2,45.5,0.8,NA,NA,NA,NA,NA,NA,NA,182,205,NA,NA,NA,NA,NA,NA,NA,NA,NA,NA,NA,NA,NA,NA,NA,0,NA,1,NA,1761343200,5,13.5,9.7,10.8,0.84,1003.2,4.2,8.5,194,1.3,1761317015,1761354332,0.125,15882202,NA,1,5,0.99,8474,1,NA,NA,NA,NA,NA,4.882,566.8,NA,NA,NA,NA,0,NA,NA,NA,NA,NA,1144,NA,NA,NA,NA,NA,NA
13460012507,"Jan 26, 2025, 5:07:45 PM",Don‚Äôt believe me just watch,E-Bike Ride,NA,2622,16.49,NA,NA,FALSE,NA,Ernie,activities/13460012507.gpx,NA,44.452,2622,2399,16497.8,17.28,6.877,197.7,197.7,3.9,113.6,14.2,-0.2,NA,NA,NA,NA,NA,NA,NA,206,552,NA,NA,NA,NA,NA,NA,NA,NA,NA,NA,NA,NA,NA,NA,NA,0,NA,1,NA,1737910784,1,-0.4,2.1,-2.1,0.88,1030.6,0.9,2.2,345,0,1737906304,1737939840,0.875,10575585,NA,0,1,0.37,17515,0,NA,NA,NA,NA,0,6.292,0,NA,NA,NA,NA,NA,NA,NA,NA,NA,NA,3874,NA,NA,NA,NA,NA,media/D7AEE8EF-EC63-433C-BCC3-BC3C4223CB43.jpg
14771623560,"Jun 11, 2025, 9:53:16 PM",A good day for friend tea chat at the waterfront,E-Bike Ride,NA,7982,8.239999999999998,NA,NA,FALSE,NA,NA,activities/14771623560.gpx,NA,NA,7982,1357,8244,15.94,6.075,118.7,117.6,3.6,113.3,13.5,0,NA,NA,NA,NA,NA,NA,NA,129,196,NA,NA,NA,NA,NA,NA,NA,NA,NA,NA,NA,NA,NA,NA,NA,0,NA,1,NA,1749675648,3,19,18.9,12,0.64,1014.4,1.2,2.5,183,0,1749644032,1749701376,0.5,NA,NA,0,1,0.99,23922,4,NA,NA,NA,NA,0,1.033,0,NA,NA,NA,NA,NA,NA,NA,NA,NA,NA,1548,NA,NA,NA,NA,NA,media/3379C506-9EAB-420B-BB39-9BE1FEC61AAF.jpg
15053091321,"Jul 9, 2025, 4:18:29 AM",Night E-Bike Ride,E-Bike Ride,NA,1017,4.38,NA,NA,FALSE,NA,Brute,activities/15053091321.gpx,NA,20.412,1017,761,4384.1,11.695,5.761,114.4,14.6,9.5,113.5,25,2.3,NA,NA,NA,NA,NA,NA,NA,213,181,NA,NA,NA,NA,NA,NA,NA,NA,NA,NA,NA,NA,NA,NA,NA,0,NA,1,NA,1752033536,2,20.3,20.4,14.6,0.7,1016.8,1.4,4.4,72,0,1751977344,1752034176,0.375,15882202,NA,0,1,0.48,24926,0,NA,NA,NA,NA,0,4.311,0,NA,NA,NA,NA,NA,NA,NA,NA,NA,NA,1074,NA,NA,NA,NA,NA,NA
15676465599,"Sep 2, 2025, 10:18:29 PM",Afternoon E-Bike Ride,E-Bike Ride,NA,522,3.8699999999999997,NA,NA,FALSE,NA,Brute,activities/15676465599.gpx,NA,20.412,522,469,3873.6,17.313,8.259,11.6,111.6,9.3,112.9,7.5,-2.6,NA,NA,NA,NA,NA,NA,NA,86,45,NA,NA,NA,NA,NA,NA,NA,NA,NA,NA,NA,NA,NA,NA,NA,0,NA,1,NA,1756850400,1,25.7,27.7,16.3,0.56,1017,2.4,4.5,27,0,1756819889,1756867720,0.375,15882202,NA,0,1,0.01,28930,5,NA,NA,NA,NA,NA,7.421,0,NA,NA,NA,NA,0,NA,NA,NA,NA,NA,584,NA,NA,NA,NA,NA,NA
13249788739,"Jan 2, 2025, 8:10:33 PM",Library Winco,E-Bike Ride,NA,3198,11.92,NA,NA,FALSE,NA,Ernie,activities/13249788739.gpx,NA,44.452,3198,2451,11920.4,19.523,4.863,152.2,152.2,10.6,119.5,32.9,0,NA,NA,NA,NA,NA,NA,NA,175,477,NA,NA,NA,NA,NA,NA,NA,NA,NA,NA,NA,NA,NA,NA,NA,0,NA,1,NA,1735847936,5,5.6,4.4,4.3,0.91,1017.9,1.8,4.5,164,0.5,1735833600,1735864320,0.125,10575585,NA,0.67,5,1,11913,1,NA,NA,NA,NA,0,3.727,0,NA,NA,NA,NA,NA,NA,NA,NA,NA,NA,2956,NA,NA,NA,NA,NA,NA
14718716493,"Jun 6, 2025, 11:41:00 PM",riding so people see bikes,E-Bike Ride,NA,2950,7,NA,NA,FALSE,NA,Brute,activities/14718716493.gpx,NA,20.412,2950,1297,7007.1,10.76,5.403,114.4,21,6.5,114,19.7,1.3,NA,NA,NA,NA,NA,NA,NA,144,208,NA,NA,NA,NA,NA,NA,NA,NA,NA,NA,NA,NA,NA,NA,NA,0,NA,1,NA,1749250816,2,24.3,24.4,14.6,0.55,1015.3,2.7,4.8,21,0,1749212032,1749269120,0.375,15882202,NA,0,1,0.57,31611,4,NA,NA,NA,NA,0,2.375,0,NA,NA,NA,NA,NA,NA,NA,NA,NA,NA,1260,NA,NA,NA,NA,NA,NA
14399635384,"May 6, 2025, 10:16:50 PM",Return yer books,E-Bike Ride,NA,725,4.359999999999999,NA,NA,FALSE,NA,Brute,activities/14399635384.gpx,NA,20.412,725,634,4363.2,14.98,6.882,17.2,17.2,9.5,111.7,5.4,-2.3,NA,NA,NA,NA,NA,NA,NA,91,65,NA,NA,NA,NA,NA,NA,NA,NA,NA,NA,NA,NA,NA,NA,NA,0,NA,1,NA,1746568832,3,23.8,23,6.6,0.33,1015.3,1.6,3,206,0,1746535552,1746588672,0.375,15882202,NA,0,1,1,56503,4,NA,NA,NA,NA,0,6.018,0,NA,NA,NA,NA,NA,NA,NA,NA,NA,NA,760,NA,NA,NA,NA,NA,NA
15974742855,"Sep 28, 2025, 5:54:14 PM",Ice Caves at Big Four,Hike,NA,5011,4.9,NA,NA,FALSE,NA,NA,activities/17056175894.gpx.gz,NA,NA,5011,4292,4902.7,2.04,1.142,127.3,124.3,520.3,638.5,48.8,0,NA,NA,NA,NA,NA,NA,NA,NA,381,NA,NA,NA,NA,NA,NA,NA,NA,NA,NA,NA,NA,NA,NA,NA,0,NA,1,5464.7,1759078800,3,15.4,14.8,8.4,0.63,1007.4,1.3,3.4,213,0,1759068096,1759110631,0.125,NA,NA,0,1,0.91,32229.4,2,NA,NA,NA,NA,NA,0.978,4564.4,NA,NA,NA,NA,0,NA,NA,NA,1.599,NA,NA,NA,NA,NA,NA,NA,media/826A1C10-1153-4D9F-80F7-5C3F7F382A67.jpg
15246247853,"Jul 22, 2025, 4:36:15 PM",Hoh Lake to Martin Creek,Hike,NA,32193,27.459999999999997,NA,NA,FALSE,NA,NA,activities/16281722363.gpx.gz,NA,NA,32193,27796,27464.5,6.12,0.988,553.5,1181.6,305.7,1387.5,34.5,-2.3,NA,NA,NA,NA,NA,NA,NA,NA,1913,NA,NA,NA,NA,NA,NA,NA,NA,NA,NA,NA,NA,NA,NA,NA,0,NA,1,28642.9,1753200000,2,16.1,17.5,9.1,0.63,1014.4,0.9,1.8,287,0,1753187968,1753243392,0.875,NA,NA,0,1,0.49,29837.2,3,NA,NA,NA,NA,NA,0.853,27296.8,NA,NA,NA,NA,0,NA,NA,NA,2.047,NA,NA,NA,NA,NA,NA,NA,media/C5B05ACF-8926-4CAD-B6B7-EB3DBF30D3D0.jpg
14657505789,"May 31, 2025, 9:05:10 PM",A taste of John Muir Trail,Hike,Tried to wait the thunderstorms out for backpacking.,4500,3.61,NA,NA,FALSE,NA,NA,activities/14657505789.gpx,NA,NA,4500,3613,3617.6,2.6,1.001,37.1,38.7,2642.4,2660.1,15.6,-0.1,NA,NA,NA,NA,NA,NA,NA,NA,252,NA,NA,NA,NA,NA,NA,NA,NA,NA,NA,NA,NA,NA,0,NA,0,NA,1,NA,1748725248,3,17.7,15.4,1.2,0.33,1014.2,2.5,5.2,248,0.2,1748695040,1748747648,0.125,NA,NA,0.37,5,0.98,36225.4,8,NA,NA,NA,NA,0,0.804,3617.6,NA,NA,NA,5296,NA,NA,NA,NA,NA,NA,5296,NA,NA,NA,NA,NA,media/4ECC2F9C-CACF-479B-9BB6-8B064775E83C.jpg
16408706011,"Nov 9, 2025, 6:22:21 PM",Not grape jelly,Hike,NA,5307,5.84,NA,NA,FALSE,NA,NA,activities/16408706011.gpx,NA,NA,5307,4522,5848.7,5.64,1.293,133.6,147.1,286.9,334.9,50,0,NA,NA,NA,NA,NA,NA,NA,NA,407,NA,NA,NA,NA,NA,NA,NA,NA,NA,NA,NA,NA,NA,NA,NA,0,NA,1,NA,1762711200,1,13.3,13.8,5.7,0.6,1020.6,2,4.8,114,0,1762700757,1762734963,0.625,NA,NA,0.32,5,0.37,48886.1,1,NA,NA,NA,NA,NA,1.102,5848.7,NA,NA,NA,6396,0,NA,NA,NA,NA,NA,6396,NA,NA,NA,NA,NA,media/9F67BF15-E4DF-4497-A909-E01FF0F2A864.jpg|media/51454EE7-DC26-4B6D-9A3A-7816F7F5E0C7.jpg
14633383859,"May 29, 2025, 12:19:34 AM",Sunset crater - Lava's Edge and Lenox Crater,Hike,Fantastic views of San Francisco mountain and sunset crater from Lenox peak,9607,7.98,NA,NA,FALSE,NA,NA,activities/14633383859.gpx,NA,NA,9607,7461,7981.6,4.82,1.07,165.7,163.5,2104.3,2207.7,25,0,NA,NA,NA,NA,NA,NA,NA,NA,556,NA,NA,NA,NA,NA,NA,NA,NA,NA,NA,NA,NA,NA,NA,NA,0,NA,1,NA,1748476800,3,24,21.2,-12.3,0.08,1007,4.6,6.6,222,0,1748434432,1748486016,0.125,NA,NA,0,1,0.91,60840,2,NA,NA,NA,NA,0,0.831,5712.1,NA,NA,NA,12014,NA,NA,NA,NA,NA,NA,12014,NA,NA,NA,NA,NA,NA
15039992956,"Jul 4, 2025, 12:58:23 AM",Grey Wolf to Three Forks stroll in camp slides,Hike,This is a lovely little connector - big tree down around the base of bridge over Cameron Creek to the Three Forks (terrible up trail),2705,2.44,NA,NA,FALSE,NA,NA,activities/16056970000.gpx.gz,NA,NA,2705,2155,2445.4,3.84,1.135,45.3,45.8,631.9,649.3,24.1,-0.1,NA,NA,NA,NA,NA,NA,NA,NA,170,NA,NA,NA,NA,NA,NA,NA,NA,NA,NA,NA,NA,NA,NA,NA,0,NA,1,2657.5,1751587200,1,11.4,13.6,8.1,0.8,1016.1,1.7,3.7,40,0,1751545216,1751602560,0.25,NA,NA,0,1,0.08,15421.2,3,NA,NA,NA,NA,0,0.904,2133.6,NA,NA,NA,NA,NA,NA,NA,NA,1.955,NA,NA,NA,NA,NA,NA,NA,NA
15039993015,"Jul 4, 2025, 4:22:19 PM",Grey Wolf camp to Falls Camp + some Cedar Lake,Hike,got a tiny bit annoyed with the Cedar lake trail and decided to just enjoy the beautiful meadows instead and views instead of pushing to the lake,27796,17.21,NA,NA,FALSE,NA,NA,activities/16056970027.gpx.gz,NA,NA,27796,18453,17210.6,6.96,0.933,751.8,198.9,635.3,1363.4,14.3,3.2,NA,NA,NA,NA,NA,NA,NA,NA,1199,NA,NA,NA,NA,NA,NA,NA,NA,NA,NA,NA,NA,NA,NA,NA,0,NA,1,20193.4,1751644800,1,10.8,13.5,6.6,0.75,1016,1.3,2.6,52,0,1751631616,1751688832,0.375,NA,NA,0.05,5,0.08,25096.1,3,NA,NA,NA,NA,0,0.619,17210.6,NA,NA,NA,NA,NA,NA,NA,NA,2.37,NA,NA,NA,NA,NA,NA,NA,NA
14572405563,"May 23, 2025, 3:32:21 PM",Little Apache Trail,Hike,NA,8614,5.659999999999999,NA,NA,FALSE,NA,NA,activities/14572405563.gpx,NA,NA,8614,5815,5663.8,3.3,0.974,120.1,120.8,2650.6,2752.1,31.9,0,NA,NA,NA,NA,NA,NA,NA,NA,395,NA,NA,NA,NA,NA,NA,NA,NA,NA,NA,NA,NA,NA,NA,NA,0,NA,1,NA,1748012416,1,21.4,22.5,-9.2,0.12,1011.4,2.4,5.8,249,0,1748001536,1748052096,0.875,NA,NA,0,1,0.09,58781.9,4,NA,NA,NA,NA,0,0.658,5663.8,NA,NA,NA,8052,NA,NA,NA,NA,NA,NA,8052,NA,NA,NA,NA,NA,media/93A929F2-E93D-43A7-89D6-844177F75D6A.jpg
14700385635,"May 26, 2025, 1:50:02 PM",Tree Spring and Pino Canyon Overlook,Hike,great overlook,9126,6.859999999999999,NA,NA,FALSE,NA,NA,activities/15687114465.gpx.gz,NA,NA,9126,7252,6864.9,2.84,0.947,312.4,309.2,2582.5,2896.7,20.8,0,NA,NA,NA,NA,NA,NA,NA,NA,478,NA,NA,NA,NA,NA,NA,NA,NA,2,NA,NA,NA,NA,NA,24,0,NA,1,7921.1,1748264448,1,5.4,3.6,3.1,0.85,1013.8,4,6.3,116,0,1748260480,1748311936,0.875,NA,NA,0.4,5,0.17,15515,0,NA,NA,NA,NA,0,0.752,6812.8,NA,NA,NA,NA,NA,NA,NA,NA,1.499,NA,NA,NA,NA,NA,NA,NA,NA
14700438438,"May 23, 2025, 8:03:38 PM",Tunnel Vista Trail,Hike,an actual waterfall hidden just below the road on the way between Alamogordo and Cloudcroft,2602,0.9400000000000001,NA,NA,FALSE,NA,NA,activities/15687172061.gpx.gz,NA,NA,2602,1124,948.3,2.8,0.844,38.4,42.9,1832.9,1872.2,16.1,-0.9,NA,NA,NA,NA,NA,NA,NA,NA,66,NA,NA,NA,NA,NA,NA,NA,NA,NA,NA,NA,NA,NA,NA,NA,0,NA,1,1104.6,1748030464,3,29.6,27.3,-6.6,0.09,1007.7,5.6,10.6,251,0,1748001536,1748052096,0.875,NA,NA,0,1,0.92,61662.6,8,NA,NA,NA,NA,0,0.364,889,NA,NA,NA,NA,NA,NA,NA,NA,2.355,NA,NA,NA,NA,NA,NA,NA,NA
15585969990,"Aug 25, 2025, 9:59:01 PM",30 min 80s Ride with Sam Yo,Ride,"Total Output: 236.3 kJ
Leaderboard Rank: 1,361 / 3,577",1800,14.3,NA,NA,FALSE,NA,Peloton,activities/16646554113.tcx.gz,NA,72.575,1800,1800,14304.5,9.8,7.947,0,0,0,0,0,0,NA,NA,109,82,NA,NA,NA,131,281,NA,NA,NA,NA,NA,NA,NA,NA,NA,NA,NA,140,1801,NA,NA,0,NA,1,NA,NA,NA,NA,NA,NA,NA,NA,NA,NA,NA,NA,NA,NA,NA,11882400,NA,NA,NA,NA,NA,NA,NA,NA,NA,NA,NA,7.947,0,NA,NA,NA,NA,0,NA,47,97,NA,NA,NA,NA,NA,NA,NA,NA,media/628f35aa-dcf2-4394-a907-ee2e9941d65a.jpg
13826293487,"Mar 8, 2025, 5:34:56 PM",Peloton - 44 min Entertainment Ride,Ride,Total Output: 230.7 kJ,2675,18.21,NA,NA,FALSE,NA,Peloton,activities/14757168196.tcx.gz,NA,72.575,2675,2675,18218.4,10.44,6.811,0,0,0,0,0,0,NA,NA,117,81,NA,NA,NA,86,276,NA,NA,NA,NA,NA,NA,NA,NA,NA,NA,NA,88,2676,0,NA,0,NA,1,NA,NA,NA,NA,NA,NA,NA,NA,NA,NA,NA,NA,NA,NA,NA,11882400,NA,NA,NA,NA,NA,NA,NA,NA,NA,NA,0,6.811,0,NA,NA,NA,NA,NA,NA,29,63,NA,NA,NA,NA,NA,NA,NA,NA,media/A24082FA-0B19-4246-97F8-0D08CCD52465.jpg
13782422403,"Mar 4, 2025, 1:13:17 AM",5 min AFO Warm Up Ride: Imagine Dragons with Sam Yo,Ride,"Total Output: 34.8 kJ
Leaderboard Rank: 47,466 / 162,097",300,2.27,NA,NA,FALSE,NA,Peloton,activities/14709652866.tcx.gz,NA,72.575,300,300,2273.2,9.1,7.577,0,0,0,0,0,0,NA,NA,101,91,NA,NA,NA,116,39,NA,NA,NA,NA,NA,NA,NA,NA,NA,NA,NA,121,300,NA,NA,0,NA,1,NA,NA,NA,NA,NA,NA,NA,NA,NA,NA,NA,NA,NA,NA,NA,11882400,NA,NA,NA,NA,NA,NA,NA,NA,NA,NA,0,7.577,0,NA,NA,NA,NA,NA,NA,6,86,NA,NA,NA,NA,NA,NA,NA,NA,media/daac426f-e70e-476c-81c3-bc20d5f8c078.jpg
13709241776,"Feb 23, 2025, 8:02:20 PM",Space Sweepers at 1.5X,Ride,Total Output: 534.3 kJ,5326,38.02,NA,NA,FALSE,NA,Peloton,activities/14630086832.tcx.gz,NA,72.575,5326,5326,38019.2,10.22,7.138,0,0,0,0,0,0,NA,NA,127,83,NA,NA,NA,100,640,NA,NA,NA,NA,NA,NA,NA,NA,NA,NA,NA,106,5327,0,NA,0,NA,1,NA,NA,NA,NA,NA,NA,NA,NA,NA,NA,NA,NA,NA,NA,NA,11882400,NA,NA,NA,NA,NA,NA,NA,NA,NA,NA,0,7.138,0,NA,NA,NA,NA,NA,NA,85,76,NA,NA,NA,NA,NA,NA,NA,NA,media/1A61D8D0-FFE9-4160-94D1-1DA9E5F9A09B.jpg
13847860793,"Mar 10, 2025, 11:52:31 PM",Peloton - 47 min Entertainment Ride,Ride,Total Output: 229.4 kJ,2833,18.79,NA,NA,FALSE,NA,Peloton,activities/14780618407.tcx.gz,NA,72.575,2833,2833,18793.7,8.4,6.634,0,0,0,0,0,0,NA,NA,97,84,NA,NA,NA,80,274,NA,NA,NA,NA,NA,NA,NA,NA,NA,NA,NA,81,2834,NA,NA,0,NA,1,NA,NA,NA,NA,NA,NA,NA,NA,NA,NA,NA,NA,NA,NA,NA,11882400,NA,NA,NA,NA,NA,NA,NA,NA,NA,NA,0,6.634,0,NA,NA,NA,NA,NA,NA,26,58,NA,NA,NA,NA,NA,NA,NA,NA,media/eae3799b-d1b5-4250-9c98-3253030b831a.jpg
14091855718,"Apr 5, 2025, 4:46:28 PM",stronger than u think u are,Ride,Bike goal achieved. I made it up Mountain View. No stops. In the saddle the whole time!,23506,40.17,NA,NA,FALSE,NA,F√°fnir,activities/14091855718.gpx,NA,12.701,23506,8951,40172.9,19.568,4.488,531.5,531.5,4,126.9,41.1,0,NA,NA,NA,NA,NA,NA,NA,83,833,NA,NA,NA,NA,NA,NA,NA,NA,NA,NA,NA,NA,NA,NA,NA,0,NA,1,NA,1743868800,3,9.7,10.9,5.7,0.76,1025.3,0.5,2,162,0,1743860480,1743907584,0.25,10575610,NA,0,1,0.75,21163,1,NA,NA,NA,NA,0,1.709,509.1,NA,NA,NA,NA,NA,NA,NA,NA,NA,NA,NA,NA,NA,NA,NA,NA,media/89167010-A4E0-4FA3-9846-36715F067412.jpg|media/184954E6-FE20-44FC-A8E7-1C4BC8429347.jpg
13879827688,"Mar 14, 2025, 12:43:34 PM",5 min Maine Peaks Island Ride,Ride,"Total Output: 22.3 kJ
Leaderboard Rank: 37,008 / 86,016",300,1.91,NA,NA,FALSE,NA,Peloton,activities/14814431320.tcx.gz,NA,72.575,300,300,1913.2,6.86,6.377,0,0,0,0,0,0,NA,NA,79,72,NA,NA,NA,74,26,NA,NA,NA,NA,NA,NA,NA,NA,NA,NA,NA,71,301,NA,NA,0,NA,1,NA,NA,NA,NA,NA,NA,NA,NA,NA,NA,NA,NA,NA,NA,NA,11882400,NA,NA,NA,NA,NA,NA,NA,NA,NA,NA,0,6.377,0,NA,NA,NA,NA,NA,NA,2,51,NA,NA,NA,NA,NA,NA,NA,NA,media/007d38e2-3db8-476d-b50a-cbc11f1a68fd.jpg
13782595543,"Mar 4, 2025, 1:19:19 AM",Recrudescence,Ride,"Total Output: 173 kJ
Leaderboard Rank: 29,904 / 118,670",1201,9.96,NA,NA,FALSE,NA,Peloton,activities/14709836850.tcx.gz,NA,72.575,1201,1201,9964.4,10.26,8.297,0,0,0,0,0,0,NA,NA,109,81,NA,NA,NA,144,207,NA,NA,NA,NA,NA,NA,NA,NA,NA,NA,NA,149,1202,0,NA,0,NA,1,NA,NA,NA,NA,NA,NA,NA,NA,NA,NA,NA,NA,NA,NA,NA,11882400,NA,NA,NA,NA,NA,NA,NA,NA,NA,NA,0,8.297,0,NA,NA,NA,NA,NA,NA,37,106,NA,NA,NA,NA,NA,NA,NA,NA,media/507DD1D3-D7FE-4C96-98B1-9736B68F4CC3.jpg
14110108519,"Apr 7, 2025, 7:33:18 PM",Cherry rain!,Ride,NA,1593,8.05,NA,NA,FALSE,NA,F√°fnir,activities/14110108519.gpx,NA,12.701,1593,1406,8058,20.38,5.731,48.4,139.8,13,113.6,10.7,-1.2,NA,NA,NA,NA,NA,NA,NA,79,124,NA,NA,NA,NA,NA,NA,NA,NA,NA,NA,NA,NA,NA,0,NA,0,NA,1,NA,1744052352,3,11.5,5.9,7.9,0.79,1009.8,5.4,10.3,195,0.3,1744033024,1744080640,0.375,10575610,NA,1,5,0.97,18138,3,NA,NA,NA,NA,0,5.058,0,NA,NA,NA,NA,NA,NA,NA,NA,NA,NA,NA,NA,NA,NA,NA,NA,media/8C711306-FB21-492F-89E0-25CD431CDF2C.jpg
14359041935,"May 2, 2025, 11:22:17 PM",Just keep peddlin,Ride,NA,1045,4.2700000000000005,NA,NA,FALSE,NA,F√°fnir,activities/14359041935.gpx,NA,12.701,1045,949,4271.7,14.78,4.501,110.6,110.6,3.7,112.5,18.6,2.5,NA,NA,NA,NA,NA,NA,NA,125,132,NA,NA,NA,NA,NA,NA,NA,NA,NA,NA,NA,NA,NA,NA,NA,0,NA,1,NA,1746226816,1,20.3,18.8,10.7,0.54,1012.3,5.2,10.8,204,0,1746190336,1746242688,0.125,10575610,NA,0.18,5,0.26,29160,4,NA,NA,NA,NA,0,4.088,0,NA,NA,NA,NA,NA,NA,NA,NA,NA,NA,NA,NA,NA,NA,NA,NA,NA
14034062359,"Mar 30, 2025, 7:07:12 PM",ETR: the defiant orca üê¢üê≥,Run,We saw orcas !!,8063,16.310000000000002,NA,NA,FALSE,NA,NA,activities/14980803898.fit.gz,NA,NA,8063,6858,16314.6,5.72,2.379,320,309,2,97.4,48.8,-0.1,NA,NA,116,81,NA,NA,NA,NA,946,NA,NA,NA,NA,NA,NA,NA,NA,NA,NA,NA,NA,NA,0,NA,0,NA,1,19712.1,1743361152,2,12.8,12,3.8,0.54,1004.7,2.7,7.3,51,0,1743342720,1743388672,0.125,NA,NA,0,1,0.46,32308,3,NA,NA,NA,NA,0,2.023,13765.6,NA,NA,NA,18180,NA,NA,NA,NA,2.874,NA,NA,NA,NA,NA,NA,NA,media/8205668F-6FE5-46AE-9797-49A6D2455272.mp4
16796953892,"Dec 20, 2025, 3:47:03 PM",2 solstice loops!,Run,NA,16732,25.74,NA,NA,FALSE,NA,NA,activities/16796953892.gpx,NA,NA,16732,11439,25743.4,7.08,2.25,1258.2,1260.7,229.8,854.8,48.6,0,NA,NA,NA,NA,NA,NA,NA,NA,2146,NA,NA,NA,NA,NA,NA,NA,NA,NA,NA,NA,NA,NA,NA,NA,0,NA,1,30807.7,1766242800,1,0.4,-2.1,-2,0.84,1012.4,2.5,5.6,156,0,1766246245,1766276514,0,NA,NA,0.98,6,0.18,24789,0,NA,NA,NA,NA,NA,1.539,11725.8,NA,NA,NA,29466,0,NA,NA,NA,2.693,NA,NA,NA,NA,NA,NA,NA,media/A73BF885-01C6-4D45-9B2E-4D3C6F72C7A1.jpg
13513816785,"Feb 1, 2025, 9:23:27 PM",Red onions are purple,Run,NA,1847,5.01,NA,NA,FALSE,NA,NA,activities/14416201016.fit.gz,NA,NA,1847,1704,5010.4,4.26,2.94,87,102,89.2,156.2,34,0,NA,NA,104,92,NA,NA,NA,NA,300,NA,NA,NA,NA,NA,NA,NA,NA,NA,NA,NA,NA,NA,0,NA,0,NA,1,5806.1,1738443648,3,3.6,-4.1,0.5,0.8,1011.6,5.8,12.4,200,0.2,1738424192,1738458752,0.125,NA,NA,0.82,5,0.98,15733,1,NA,NA,NA,NA,0,2.713,0,NA,NA,NA,5224,NA,NA,NA,NA,3.407,NA,NA,NA,NA,NA,NA,NA,media/F553EADC-DA5C-41D2-A060-251446D426BF.jpg
16831695119,"Dec 24, 2025, 5:00:41 PM",Xmas Eve w Michele,Run,NA,3328,6.94,NA,NA,FALSE,NA,NA,activities/16831695119.gpx,NA,NA,3328,3220,6941.4,3.78,2.156,125.4,125.2,1.5,75,14,0,NA,NA,NA,NA,NA,NA,NA,NA,502,NA,NA,NA,NA,NA,NA,NA,NA,NA,NA,NA,NA,NA,NA,NA,0,NA,1,7199,1766595600,3,4.8,1.9,4.1,0.95,992.4,3.2,7.2,6,0,1766591839,1766622224,0.125,NA,NA,0.94,6,0.98,18023,0,NA,NA,NA,NA,NA,2.086,1026.3,NA,NA,NA,8512,0,NA,NA,NA,2.236,NA,NA,NA,NA,NA,NA,NA,NA
15780358305,"Sep 11, 2025, 10:06:38 PM",Okelly dokelly fokelly,Run,NA,2139,5.91,NA,NA,FALSE,NA,NA,activities/16855709406.fit.gz,NA,NA,2139,1991,5911.5,4.5,2.969,79,97,94.2,158.2,49.5,-0.1,NA,NA,146,93,NA,NA,NA,NA,354,NA,NA,NA,NA,NA,NA,NA,NA,NA,NA,NA,NA,NA,NA,NA,0,NA,1,6748.7,1757628000,1,20.8,23.5,15.4,0.71,1016.2,1.3,3.2,207,0,1757598212,1757644230,0.625,NA,NA,0,1,0.1,20866,4,NA,NA,NA,NA,NA,2.764,0,NA,NA,NA,6156,0,NA,NA,NA,3.39,NA,NA,NA,NA,NA,NA,NA,NA
15824449290,"Sep 15, 2025, 9:53:36 PM",I‚Äôm the flame I can‚Äôt get burned,Run,NA,2496,6.7700000000000005,NA,NA,FALSE,NA,NA,activities/16902064485.fit.gz,NA,NA,2496,2373,6769.5,4.94,2.853,98,116,37,118.4,44.4,-0.3,NA,NA,104,89,NA,NA,NA,NA,404,NA,NA,NA,NA,NA,NA,NA,NA,NA,NA,NA,NA,NA,NA,NA,0,NA,1,7923.7,1757970000,1,20.8,23,12.5,0.59,1021,1.4,4.7,359,0,1757944132,1757989336,0.875,NA,NA,0,1,0.1,32582,5,NA,NA,NA,NA,NA,2.712,0,NA,NA,NA,7058,0,NA,NA,NA,3.339,NA,NA,NA,NA,NA,NA,NA,NA
13884339228,"Mar 14, 2025, 10:57:17 PM",Guys‚Ä¶the cherry trees have buds,Run,NA,2103,5.64,NA,NA,FALSE,NA,NA,activities/14819345213.fit.gz,NA,NA,2103,1980,5642,4.62,2.849,76,98,90.8,158,31.8,0,NA,NA,104,92,NA,NA,NA,NA,336,NA,NA,NA,NA,NA,NA,NA,NA,NA,NA,NA,NA,NA,0,NA,0,NA,1,6376.8,1741989632,3,9.2,8.7,-0.4,0.51,998,0.9,3.1,60,0,1741962368,1742004992,0.5,NA,NA,0.52,5,1,33840,2,NA,NA,NA,NA,0,2.683,0,NA,NA,NA,6084,NA,NA,NA,NA,3.221,NA,NA,NA,NA,NA,NA,NA,media/ADB74325-C370-4DC8-9563-01ECF1702D68.jpg
16623274609,"Dec 1, 2025, 10:46:00 PM",Ack my knee,Run,Idk. Feels stabby,1244,3.77,NA,NA,FALSE,NA,NA,activities/16623274609.gpx,NA,NA,1244,1208,3771.2,4.58,3.122,28,76.7,38.4,100.7,10.5,-1.3,NA,NA,NA,NA,NA,NA,NA,NA,261,NA,NA,NA,NA,NA,NA,NA,NA,NA,NA,NA,NA,NA,NA,NA,0,NA,1,3743.2,1764626400,2,7.3,9.7,3.7,0.78,1023.8,0.8,1.6,161,0,1764603540,1764634878,0.375,NA,NA,1,1,0.38,23346,0,NA,NA,NA,NA,NA,3.032,0,NA,NA,NA,3860,0,NA,NA,NA,3.099,NA,NA,NA,NA,NA,NA,NA,NA
13462077331,"Jan 26, 2025, 11:14:02 PM",Short pick me up,Run,NA,1652,4.26,NA,NA,FALSE,NA,NA,activities/14359835912.fit.gz,NA,NA,1652,1499,4265.8,4.22,2.846,68,87,89,154.8,48.8,0,NA,NA,180,93,NA,NA,NA,NA,254,NA,NA,NA,NA,NA,NA,NA,NA,NA,NA,NA,NA,NA,0,NA,0,NA,1,4721.9,1737932416,1,7.3,9.2,-0.2,0.59,1029.4,1.6,3,9,0,1737906304,1737939840,0.875,NA,NA,0,1,0.15,31552,1,NA,NA,NA,NA,0,2.582,0,NA,NA,NA,4650,NA,NA,NA,NA,3.15,NA,NA,NA,NA,NA,NA,NA,media/12FA75F4-969C-4077-BE26-9CBCAC5B039A.jpg
15291741462,"Jul 30, 2025, 10:03:30 PM",Hold the gaze,Run,NA,2111,5.18,NA,NA,FALSE,NA,NA,activities/16330304793.fit.gz,NA,NA,2111,1863,5187.8,12.644,10.023,65,89,37,125.4,47.6,-0.7,NA,NA,139,179,NA,NA,NA,NA,309,NA,NA,NA,NA,NA,NA,NA,NA,NA,NA,NA,NA,NA,NA,NA,0,NA,1,6188.9,1753912832,3,28.3,28,14.5,0.43,1017,2,3.7,8,0,1753879552,1753933696,0.125,NA,NA,0,1,0.97,38964,7,NA,NA,NA,NA,NA,2.458,0,NA,NA,NA,5566,0,NA,NA,NA,3.322,NA,NA,NA,NA,NA,NA,NA,NA
13772644682,"Mar 2, 2025, 8:41:18 PM",Afternoon Walk,Walk,NA,1410,1.47,NA,NA,FALSE,NA,NA,activities/13772644682.gpx,NA,NA,1410,1247,1476.6,10.1,1.184,16.4,16.4,96.1,114.6,13.6,-0.1,NA,NA,NA,NA,NA,NA,NA,NA,103,NA,NA,NA,NA,NA,NA,NA,NA,NA,NA,NA,NA,NA,NA,NA,0,NA,1,NA,1740945664,3,11.4,10.7,6.9,0.74,1014,1.3,2.5,41,0,1740926976,1740967040,0.125,NA,NA,0,1,1,20554,2,NA,NA,NA,NA,0,1.047,0,NA,NA,NA,1894,NA,NA,NA,NA,NA,NA,NA,NA,NA,NA,NA,NA,NA
15170340954,"Jul 19, 2025, 8:36:47 PM",Go to the bee bakery!,Walk,"This place is so cute. They made me a delish drink, and they have a market with local vender stuff.",8250,9.01,NA,NA,FALSE,NA,NA,activities/15170340954.gpx,NA,NA,8250,6256,9014.3,4.56,1.441,134.9,135.8,8.1,114.1,35.2,0,NA,NA,NA,NA,NA,NA,NA,NA,628,NA,NA,NA,NA,NA,NA,NA,NA,NA,NA,NA,NA,NA,NA,NA,0,NA,1,NA,1752955136,3,18.7,19,12.2,0.66,1019.3,0.5,1.8,201,0,1752928384,1752984064,0.875,NA,NA,0,1,1,21266,5,NA,NA,NA,NA,0,1.093,0,NA,NA,NA,11528,0,NA,NA,NA,NA,NA,NA,NA,NA,NA,NA,NA,media/23F9CB87-2177-400B-AE42-B2D7236C9CD6.jpg|media/6B1BF26C-71F8-4B9F-946D-72F483E2B11B.jpg
15313278364,"Aug 1, 2025, 11:11:07 PM",Afternoon Walk,Walk,NA,2375,2.4299999999999997,NA,NA,FALSE,NA,NA,activities/15313278364.gpx,NA,NA,2375,2204,2438.2,3.46,1.106,20.9,18.6,92.3,114,14.7,0,NA,NA,NA,NA,NA,NA,NA,NA,170,NA,NA,NA,NA,NA,NA,NA,NA,NA,NA,NA,NA,NA,NA,NA,0,NA,1,NA,1754089216,3,25.5,25.4,16.9,0.59,1021,1.7,3,306,0,1754052480,1754106240,0.25,NA,NA,0.03,5,0.99,27959,4,NA,NA,NA,NA,NA,1.027,0,NA,NA,NA,3510,0,NA,NA,NA,NA,NA,NA,NA,NA,NA,NA,NA,NA
15946223152,"Sep 26, 2025, 5:51:15 PM",Lunch Walk,Walk,NA,2591,2.3699999999999997,NA,NA,FALSE,NA,NA,activities/15946223152.gpx,NA,NA,2591,2101,2370.1,2.98,1.128,9.6,11.8,92.2,99.5,25.7,0,NA,NA,NA,NA,NA,NA,NA,NA,165,NA,NA,NA,NA,NA,NA,NA,NA,NA,NA,NA,NA,NA,NA,NA,0,NA,1,NA,1758906000,3,10,9.1,8.3,0.89,1022.1,0.3,0.4,322,0,1758895121,1758938060,0.125,NA,NA,0.42,5,1,15732.7,2,NA,NA,NA,NA,NA,0.915,0,NA,NA,NA,3184,0,NA,NA,NA,NA,NA,NA,NA,NA,NA,NA,NA,NA
16771813130,"Dec 17, 2025, 8:08:22 PM",Sunshine and clear skies,Walk,NA,10246,10.78,NA,NA,FALSE,NA,NA,activities/16771813130.gpx,NA,NA,10246,7994,10783.5,5.78,1.349,149.2,149.6,8.5,114.2,23.9,0,NA,NA,NA,NA,NA,NA,NA,NA,751,NA,NA,NA,NA,NA,NA,NA,NA,NA,NA,NA,NA,NA,NA,NA,0,NA,1,NA,1766001600,1,8.5,7.1,3.1,0.69,1014.3,3.4,8.2,207,0,1765986851,1766017219,0.875,NA,NA,0.97,5,0.35,29984,1,NA,NA,NA,NA,NA,1.052,0,NA,NA,NA,14242,0,NA,NA,NA,NA,NA,NA,NA,NA,NA,NA,NA,NA
14657505810,"May 31, 2025, 2:38:53 PM",Lower Yosemite falls,Walk,NA,7642,6.38,NA,NA,FALSE,NA,NA,activities/14657505810.gpx,NA,NA,7642,4920,6384.8,5.324,1.298,37.5,33.8,1208.1,1228.1,12.6,0,NA,NA,NA,NA,NA,NA,NA,NA,445,NA,NA,NA,NA,NA,NA,NA,NA,NA,NA,NA,NA,NA,NA,NA,0,NA,1,NA,1748700032,1,16.9,16.6,0.1,0.32,1013.4,2.8,3.7,34,0,1748695168,1748747648,0.125,NA,NA,0.33,5,0.12,63056.6,0,NA,NA,NA,NA,0,0.835,1316.7,NA,NA,NA,8140,NA,NA,NA,NA,NA,NA,NA,NA,NA,NA,NA,NA,media/F56B2D62-CD79-46C6-A238-E770EDAB4987.jpg
16688078803,"Dec 8, 2025, 8:49:56 PM",Afternoon Walk,Walk,NA,881,0.96,NA,NA,FALSE,NA,NA,activities/16688078803.gpx,NA,NA,881,792,960.7,3.5,1.213,17.4,15.1,100.2,113.3,10.3,0,NA,NA,NA,NA,NA,NA,NA,NA,67,NA,NA,NA,NA,NA,NA,NA,NA,NA,NA,NA,NA,NA,NA,NA,0,NA,1,NA,1765224000,5,11.1,4.9,10,0.93,1009.4,6.2,13.7,182,1.2,1765208811,1765239559,0.625,NA,NA,0.99,5,0.98,10026,1,NA,NA,NA,NA,NA,1.09,0,NA,NA,NA,1200,0,NA,NA,NA,NA,NA,NA,NA,NA,NA,NA,NA,NA
16807032123,"Dec 21, 2025, 10:39:10 PM",Afternoon Walk,Walk,NA,4670,6.07,NA,NA,FALSE,NA,NA,activities/16807032123.gpx,NA,NA,4670,4571,6071.6,3.87,1.328,89.3,89.3,91.6,138.3,48.6,0,NA,NA,NA,NA,NA,NA,NA,NA,423,NA,NA,NA,NA,NA,NA,NA,NA,NA,NA,NA,NA,NA,NA,NA,0,NA,1,NA,1766354400,5,7.3,4.7,5.3,0.87,1002.2,3.2,5.7,203,1,1766332601,1766362933,0.125,NA,NA,1,5,0.81,12441,0,NA,NA,NA,NA,NA,1.3,0,NA,NA,NA,8706,0,NA,NA,NA,NA,NA,NA,NA,NA,NA,NA,NA,NA
14092076397,"Apr 5, 2025, 11:28:26 PM",Afternoon Walk,Walk,NA,2116,2.3899999999999997,NA,NA,FALSE,NA,NA,activities/14092076397.gpx,NA,NA,2116,1933,2392.9,3.133,1.238,19.9,19.9,92.5,114,12.7,0.1,NA,NA,NA,NA,NA,NA,NA,NA,167,NA,NA,NA,NA,NA,NA,NA,NA,NA,NA,NA,NA,NA,NA,NA,0,NA,1,NA,1743894016,1,18.8,18.2,6.9,0.46,1023.5,3.4,6.7,180,0,1743860480,1743907584,0.25,NA,NA,0,1,0.36,37953,2,NA,NA,NA,NA,0,1.131,0,NA,NA,NA,3290,NA,NA,NA,NA,NA,NA,NA,NA,NA,NA,NA,NA,NA
16805814594,"Dec 21, 2025, 7:13:24 PM",Why do you believe that?,Walk,NA,3065,3.4699999999999998,NA,NA,FALSE,NA,NA,activities/16805814594.gpx,NA,NA,3065,2681,3471.8,2.52,1.295,31.7,35.5,95,122.5,42.4,0,NA,NA,NA,NA,NA,NA,NA,NA,242,NA,NA,NA,NA,NA,NA,NA,NA,NA,NA,NA,NA,NA,NA,NA,0,NA,1,NA,1766343600,3,6.6,2.3,4.1,0.84,1003.5,4.2,11.4,191,0,1766332558,1766362894,0.125,NA,NA,0.96,5,0.84,23594,1,NA,NA,NA,NA,NA,1.133,0,NA,NA,NA,4898,0,NA,NA,NA,NA,NA,NA,NA,NA,NA,NA,NA,NA
